{"cameraMode":{"drawMode":0,"name":"Shaded","section":"Shading Mode"},"sceneLighting":true,"audioPlay":false,"sceneViewState":{"m_AlwaysRefresh":false,"showFog":true,"showSkybox":true,"showFlares":true,"showImageEffects":true,"showParticleSystems":true,"showVisualEffectGraphs":true,"m_FxEnabled":true},"in2DMode":false,"pivot":{"x":1.631644368171692,"y":0.2430686354637146,"z":19.205276489257814},"rotation":{"x":-0.15109285712242127,"y":0.12038572877645493,"z":-0.01851443201303482,"w":-0.9810362458229065},"size":0.7668793201446533,"orthographic":false}